{
  "random_forest": {
    "train_rmspe": 0.2738791407050165,
    "val_rmspe": 0.29009287983584026,
    "train_rmse": 1399.1457043905307,
    "val_rmse": 1678.510923071375
  },
  "gradient_boosting": {
    "train_rmspe": 0.2671014796042054,
    "val_rmspe": 0.2734749429293088,
    "train_rmse": 1270.6536014780158,
    "val_rmse": 1520.989430595469
  }
}